"Pheno_ID","Name","Location","Network","L_N"
"edge_pheno55","Net25_Pair10_11","(Postcentral|Precentral)&(Postcentral|Precentral)","(Motor)&(Motor)","(Postcentral|Precentral)&(Postcentral|Precentral)-(Motor)&(Motor)"
"edge_pheno58","Net25_Pair3_12","(Pariental)&(Paracentral|Postcentral)","(Attention|Salience|Central_executive)&(Motor)","(Pariental)&(Paracentral|Postcentral)-(Attention|Salience|Central_executive)&(Motor)"
"edge_pheno65","Net25_Pair10_12","(Postcentral|Precentral)&(Paracentral|Postcentral)","(Motor)&(Motor)","(Postcentral|Precentral)&(Paracentral|Postcentral)-(Motor)&(Motor)"
"edge_pheno66","Net25_Pair11_12","(Postcentral|Precentral)&(Paracentral|Postcentral)","(Motor)&(Motor)","(Postcentral|Precentral)&(Paracentral|Postcentral)-(Motor)&(Motor)"
"edge_pheno87","Net25_Pair9_14","(Parietal|Temporal)&(Cingulate|Frontal)","(Default_mode|Central_executive)&(Default_mode|Central_executive|Salience)","(Parietal|Temporal)&(Cingulate|Frontal)-(Default_mode|Central_executive)&(Default_mode|Central_executive|Salience)"
"edge_pheno101","Net25_Pair10_15","(Postcentral|Precentral)&(Cerebellum)","(Motor)&(Subcortical-cerebellum)","(Postcentral|Precentral)&(Cerebellum)-(Motor)&(Subcortical-cerebellum)"
"edge_pheno102","Net25_Pair11_15","(Postcentral|Precentral)&(Cerebellum)","(Motor)&(Subcortical-cerebellum)","(Postcentral|Precentral)&(Cerebellum)-(Motor)&(Subcortical-cerebellum)"
"edge_pheno103","Net25_Pair12_15","(Paracentral|Postcentral)&(Cerebellum)","(Motor)&(Subcortical-cerebellum)","(Paracentral|Postcentral)&(Cerebellum)-(Motor)&(Subcortical-cerebellum)"
"edge_pheno132","Net25_Pair12_17","(Paracentral|Postcentral)&(Temporal)","(Motor)&(Default_mode|Motor)","(Paracentral|Postcentral)&(Temporal)-(Motor)&(Default_mode|Motor)"
"edge_pheno135","Net25_Pair15_17","(Cerebellum)&(Temporal)","(Subcortical-cerebellum)&(Default_mode|Motor)","(Cerebellum)&(Temporal)-(Subcortical-cerebellum)&(Default_mode|Motor)"
"edge_pheno146","Net25_Pair10_18","(Postcentral|Precentral)&(Subcortical)","(Motor)&(Subcortical-cerebellum)","(Postcentral|Precentral)&(Subcortical)-(Motor)&(Subcortical-cerebellum)"
"edge_pheno147","Net25_Pair11_18","(Postcentral|Precentral)&(Subcortical)","(Motor)&(Subcortical-cerebellum)","(Postcentral|Precentral)&(Subcortical)-(Motor)&(Subcortical-cerebellum)"
"edge_pheno151","Net25_Pair15_18","(Cerebellum)&(Subcortical)","(Subcortical-cerebellum)&(Subcortical-cerebellum)","(Cerebellum)&(Subcortical)-(Subcortical-cerebellum)&(Subcortical-cerebellum)"
"edge_pheno249","Net100_Pair3_10","(Lingual|Fusiform)&(OccipitalPrecuneus)","(Visual)&(Default_mode|Central_executive)","(Lingual|Fusiform)&(OccipitalPrecuneus)-(Visual)&(Default_mode|Central_executive)"
"edge_pheno253","Net100_Pair7_10","(Frontal|Cingulate)&(OccipitalPrecuneus)","(Default_mode|Limbic)&(Default_mode|Central_executive)","(Frontal|Cingulate)&(OccipitalPrecuneus)-(Default_mode|Limbic)&(Default_mode|Central_executive)"
"edge_pheno262","Net100_Pair7_11","(Frontal|Cingulate)&(Angular|Temporal)","(Default_mode|Limbic)&(Default_mode|Central_executive)","(Frontal|Cingulate)&(Angular|Temporal)-(Default_mode|Limbic)&(Default_mode|Central_executive)"
"edge_pheno286","Net100_Pair10_13","(OccipitalPrecuneus)&(Frontal_Sup)","(Default_mode|Central_executive)&(Default_mode)","(OccipitalPrecuneus)&(Frontal_Sup)-(Default_mode|Central_executive)&(Default_mode)"
"edge_pheno288","Net100_Pair12_13","(Frontal|Cerebellum)&(Frontal_Sup)","(Central_executive|Default_mode)&(Default_mode)","(Frontal|Cerebellum)&(Frontal_Sup)-(Central_executive|Default_mode)&(Default_mode)"
"edge_pheno303","Net100_Pair2_15","(RolandicOper|SupraMarginal|Insula)&(Insula|Cingulate)","(Salience|Motor)&(Salience|Default_mode)","(RolandicOper|SupraMarginal|Insula)&(Insula|Cingulate)-(Salience|Motor)&(Salience|Default_mode)"
"edge_pheno389","Net100_Pair8_20","(Calcarine|Lingual)&(Postcentral|Precentral)","(Visual)&(Motor|Attention)","(Calcarine|Lingual)&(Postcentral|Precentral)-(Visual)&(Motor|Attention)"
"edge_pheno405","Net100_Pair5_21","(Precuneus|Angular|Cingulate)&(Frontal_Sup)","(Default_mode|Central_executive)&(Default_mode|Central_executive)","(Precuneus|Angular|Cingulate)&(Frontal_Sup)-(Default_mode|Central_executive)&(Default_mode|Central_executive)"
"edge_pheno447","Net100_Pair6_23","(Postcentral|Precentral)&(Cerebellum)","(Motor)&(Subcortical-cerebellum)","(Postcentral|Precentral)&(Cerebellum)-(Motor)&(Subcortical-cerebellum)"
"edge_pheno449","Net100_Pair8_23","(Calcarine|Lingual)&(Cerebellum)","(Visual)&(Subcortical-cerebellum)","(Calcarine|Lingual)&(Cerebellum)-(Visual)&(Subcortical-cerebellum)"
"edge_pheno460","Net100_Pair19_23","(Precuneus|Cuneus|Cingulate)&(Cerebellum)","(Default_mode|Central_executive)&(Subcortical-cerebellum)","(Precuneus|Cuneus|Cingulate)&(Cerebellum)-(Default_mode|Central_executive)&(Subcortical-cerebellum)"
"edge_pheno461","Net100_Pair20_23","(Postcentral|Precentral)&(Cerebellum)","(Motor|Attention)&(Subcortical-cerebellum)","(Postcentral|Precentral)&(Cerebellum)-(Motor|Attention)&(Subcortical-cerebellum)"
"edge_pheno491","Net100_Pair5_25","(Precuneus|Angular|Cingulate)&(Frontal|Precentral)","(Default_mode|Central_executive)&(Central_executive)","(Precuneus|Angular|Cingulate)&(Frontal|Precentral)-(Default_mode|Central_executive)&(Central_executive)"
"edge_pheno537","Net100_Pair2_27","(RolandicOper|SupraMarginal|Insula)&(Precentral|Frontal|Supp_Motor_Area)","(Salience|Motor)&(Attention|Salience|Motor)","(RolandicOper|SupraMarginal|Insula)&(Precentral|Frontal|Supp_Motor_Area)-(Salience|Motor)&(Attention|Salience|Motor)"
"edge_pheno558","Net100_Pair23_27","(Cerebellum)&(Precentral|Frontal|Supp_Motor_Area)","(Subcortical-cerebellum)&(Attention|Salience|Motor)","(Cerebellum)&(Precentral|Frontal|Supp_Motor_Area)-(Subcortical-cerebellum)&(Attention|Salience|Motor)"
"edge_pheno574","Net100_Pair13_28","(Frontal_Sup)&(Supp_Motor_Area|Frontal)","(Default_mode)&(Salience|Default_mode)","(Frontal_Sup)&(Supp_Motor_Area|Frontal)-(Default_mode)&(Salience|Default_mode)"
"edge_pheno590","Net100_Pair2_29","(RolandicOper|SupraMarginal|Insula)&(Parietal)","(Salience|Motor)&(Central_executive|Salience)","(RolandicOper|SupraMarginal|Insula)&(Parietal)-(Salience|Motor)&(Central_executive|Salience)"
"edge_pheno593","Net100_Pair5_29","(Precuneus|Angular|Cingulate)&(Parietal)","(Default_mode|Central_executive)&(Central_executive|Salience)","(Precuneus|Angular|Cingulate)&(Parietal)-(Default_mode|Central_executive)&(Central_executive|Salience)"
"edge_pheno597","Net100_Pair9_29","(Temporal)&(Parietal)","(Default_mode)&(Central_executive|Salience)","(Temporal)&(Parietal)-(Default_mode)&(Central_executive|Salience)"
"edge_pheno599","Net100_Pair11_29","(Angular|Temporal)&(Parietal)","(Default_mode|Central_executive)&(Central_executive|Salience)","(Angular|Temporal)&(Parietal)-(Default_mode|Central_executive)&(Central_executive|Salience)"
"edge_pheno601","Net100_Pair13_29","(Frontal_Sup)&(Parietal)","(Default_mode)&(Central_executive|Salience)","(Frontal_Sup)&(Parietal)-(Default_mode)&(Central_executive|Salience)"
"edge_pheno606","Net100_Pair18_29","(Parietal)&(Parietal)","(Attention|Central_executive|Salience)&(Central_executive|Salience)","(Parietal)&(Parietal)-(Attention|Central_executive|Salience)&(Central_executive|Salience)"
"edge_pheno609","Net100_Pair21_29","(Frontal_Sup)&(Parietal)","(Default_mode|Central_executive)&(Central_executive|Salience)","(Frontal_Sup)&(Parietal)-(Default_mode|Central_executive)&(Central_executive|Salience)"
"edge_pheno621","Net100_Pair5_30","(Precuneus|Angular|Cingulate)&(Paracentral)","(Default_mode|Central_executive)&(Motor)","(Precuneus|Angular|Cingulate)&(Paracentral)-(Default_mode|Central_executive)&(Motor)"
"edge_pheno624","Net100_Pair8_30","(Calcarine|Lingual)&(Paracentral)","(Visual)&(Motor)","(Calcarine|Lingual)&(Paracentral)-(Visual)&(Motor)"
"edge_pheno636","Net100_Pair20_30","(Postcentral|Precentral)&(Paracentral)","(Motor|Attention)&(Motor)","(Postcentral|Precentral)&(Paracentral)-(Motor|Attention)&(Motor)"
"edge_pheno639","Net100_Pair23_30","(Cerebellum)&(Paracentral)","(Subcortical-cerebellum)&(Motor)","(Cerebellum)&(Paracentral)-(Subcortical-cerebellum)&(Motor)"
"edge_pheno674","Net100_Pair29_31","(Parietal)&(Frontal)","(Central_executive|Salience)&(Central_executive)","(Parietal)&(Frontal)-(Central_executive|Salience)&(Central_executive)"
"edge_pheno681","Net100_Pair6_32","(Postcentral|Precentral)&(Postcentral|Precentral)","(Motor)&(Motor|Attention)","(Postcentral|Precentral)&(Postcentral|Precentral)-(Motor)&(Motor|Attention)"
"edge_pheno683","Net100_Pair8_32","(Calcarine|Lingual)&(Postcentral|Precentral)","(Visual)&(Motor|Attention)","(Calcarine|Lingual)&(Postcentral|Precentral)-(Visual)&(Motor|Attention)"
"edge_pheno695","Net100_Pair20_32","(Postcentral|Precentral)&(Postcentral|Precentral)","(Motor|Attention)&(Motor|Attention)","(Postcentral|Precentral)&(Postcentral|Precentral)-(Motor|Attention)&(Motor|Attention)"
"edge_pheno698","Net100_Pair23_32","(Cerebellum)&(Postcentral|Precentral)","(Subcortical-cerebellum)&(Motor|Attention)","(Cerebellum)&(Postcentral|Precentral)-(Subcortical-cerebellum)&(Motor|Attention)"
"edge_pheno705","Net100_Pair30_32","(Paracentral)&(Postcentral|Precentral)","(Motor)&(Motor|Attention)","(Paracentral)&(Postcentral|Precentral)-(Motor)&(Motor|Attention)"
"edge_pheno716","Net100_Pair10_33","(OccipitalPrecuneus)&(Temporal|Frontal|Supp_Motor_Area)","(Default_mode|Central_executive)&(Default_mode|Salience)","(OccipitalPrecuneus)&(Temporal|Frontal|Supp_Motor_Area)-(Default_mode|Central_executive)&(Default_mode|Salience)"
"edge_pheno767","Net100_Pair29_34","(Parietal)&(Parietal|Postcentral|Precuneus)","(Central_executive|Salience)&(Attention)","(Parietal)&(Parietal|Postcentral|Precuneus)-(Central_executive|Salience)&(Attention)"
"edge_pheno777","Net100_Pair6_35","(Postcentral|Precentral)&(Postcentral|Precentral)","(Motor)&(Motor)","(Postcentral|Precentral)&(Postcentral|Precentral)-(Motor)&(Motor)"
"edge_pheno789","Net100_Pair18_35","(Parietal)&(Postcentral|Precentral)","(Attention|Central_executive|Salience)&(Motor)","(Parietal)&(Postcentral|Precentral)-(Attention|Central_executive|Salience)&(Motor)"
"edge_pheno794","Net100_Pair23_35","(Cerebellum)&(Postcentral|Precentral)","(Subcortical-cerebellum)&(Motor)","(Cerebellum)&(Postcentral|Precentral)-(Subcortical-cerebellum)&(Motor)"
"edge_pheno801","Net100_Pair30_35","(Paracentral)&(Postcentral|Precentral)","(Motor)&(Motor)","(Paracentral)&(Postcentral|Precentral)-(Motor)&(Motor)"
"edge_pheno810","Net100_Pair5_36","(Precuneus|Angular|Cingulate)&(Precuneus)","(Default_mode|Central_executive)&(Default_mode|Central_executive)","(Precuneus|Angular|Cingulate)&(Precuneus)-(Default_mode|Central_executive)&(Default_mode|Central_executive)"
"edge_pheno812","Net100_Pair7_36","(Frontal|Cingulate)&(Precuneus)","(Default_mode|Limbic)&(Default_mode|Central_executive)","(Frontal|Cingulate)&(Precuneus)-(Default_mode|Limbic)&(Default_mode|Central_executive)"
"edge_pheno815","Net100_Pair10_36","(OccipitalPrecuneus)&(Precuneus)","(Default_mode|Central_executive)&(Default_mode|Central_executive)","(OccipitalPrecuneus)&(Precuneus)-(Default_mode|Central_executive)&(Default_mode|Central_executive)"
"edge_pheno816","Net100_Pair11_36","(Angular|Temporal)&(Precuneus)","(Default_mode|Central_executive)&(Default_mode|Central_executive)","(Angular|Temporal)&(Precuneus)-(Default_mode|Central_executive)&(Default_mode|Central_executive)"
"edge_pheno824","Net100_Pair19_36","(Precuneus|Cuneus|Cingulate)&(Precuneus)","(Default_mode|Central_executive)&(Default_mode|Central_executive)","(Precuneus|Cuneus|Cingulate)&(Precuneus)-(Default_mode|Central_executive)&(Default_mode|Central_executive)"
"edge_pheno867","Net100_Pair27_37","(Precentral|Frontal|Supp_Motor_Area)&(Frontal)","(Attention|Salience|Motor)&(Central_executive|Salience)","(Precentral|Frontal|Supp_Motor_Area)&(Frontal)-(Attention|Salience|Motor)&(Central_executive|Salience)"
"edge_pheno869","Net100_Pair29_37","(Parietal)&(Frontal)","(Central_executive|Salience)&(Central_executive|Salience)","(Parietal)&(Frontal)-(Central_executive|Salience)&(Central_executive|Salience)"
"edge_pheno882","Net100_Pair6_38","(Postcentral|Precentral)&(Subcortical)","(Motor)&(Subcortical-cerebellum)","(Postcentral|Precentral)&(Subcortical)-(Motor)&(Subcortical-cerebellum)"
"edge_pheno899","Net100_Pair23_38","(Cerebellum)&(Subcortical)","(Subcortical-cerebellum)&(Subcortical-cerebellum)","(Cerebellum)&(Subcortical)-(Subcortical-cerebellum)&(Subcortical-cerebellum)"
"edge_pheno903","Net100_Pair27_38","(Precentral|Frontal|Supp_Motor_Area)&(Subcortical)","(Attention|Salience|Motor)&(Subcortical-cerebellum)","(Precentral|Frontal|Supp_Motor_Area)&(Subcortical)-(Attention|Salience|Motor)&(Subcortical-cerebellum)"
"edge_pheno908","Net100_Pair32_38","(Postcentral|Precentral)&(Subcortical)","(Motor|Attention)&(Subcortical-cerebellum)","(Postcentral|Precentral)&(Subcortical)-(Motor|Attention)&(Subcortical-cerebellum)"
"edge_pheno918","Net100_Pair5_39","(Precuneus|Angular|Cingulate)&(Precuneus|Parietal_Sup)","(Default_mode|Central_executive)&(Attention|Central_executive)","(Precuneus|Angular|Cingulate)&(Precuneus|Parietal_Sup)-(Default_mode|Central_executive)&(Attention|Central_executive)"
"edge_pheno932","Net100_Pair19_39","(Precuneus|Cuneus|Cingulate)&(Precuneus|Parietal_Sup)","(Default_mode|Central_executive)&(Attention|Central_executive)","(Precuneus|Cuneus|Cingulate)&(Precuneus|Parietal_Sup)-(Default_mode|Central_executive)&(Attention|Central_executive)"
"edge_pheno942","Net100_Pair29_39","(Parietal)&(Precuneus|Parietal_Sup)","(Central_executive|Salience)&(Attention|Central_executive)","(Parietal)&(Precuneus|Parietal_Sup)-(Central_executive|Salience)&(Attention|Central_executive)"
"edge_pheno956","Net100_Pair5_40","(Precuneus|Angular|Cingulate)&(Frontal)","(Default_mode|Central_executive)&(Central_executive)","(Precuneus|Angular|Cingulate)&(Frontal)-(Default_mode|Central_executive)&(Central_executive)"
"edge_pheno965","Net100_Pair14_40","(Cuneus|Occipital)&(Frontal)","(Visual)&(Central_executive)","(Cuneus|Occipital)&(Frontal)-(Visual)&(Central_executive)"
"edge_pheno1013","Net100_Pair23_41","(Cerebellum)&(Temporal|Occipital)","(Subcortical-cerebellum)&(Attention|Visual)","(Cerebellum)&(Temporal|Occipital)-(Subcortical-cerebellum)&(Attention|Visual)"
"edge_pheno1020","Net100_Pair30_41","(Paracentral)&(Temporal|Occipital)","(Motor)&(Attention|Visual)","(Paracentral)&(Temporal|Occipital)-(Motor)&(Attention|Visual)"
"edge_pheno1022","Net100_Pair32_41","(Postcentral|Precentral)&(Temporal|Occipital)","(Motor|Attention)&(Attention|Visual)","(Postcentral|Precentral)&(Temporal|Occipital)-(Motor|Attention)&(Attention|Visual)"
"edge_pheno1041","Net100_Pair11_42","(Angular|Temporal)&(Temporal|Occipital)","(Default_mode|Central_executive)&(Attention|Visual)","(Angular|Temporal)&(Temporal|Occipital)-(Default_mode|Central_executive)&(Attention|Visual)"
"edge_pheno1059","Net100_Pair29_42","(Parietal)&(Temporal|Occipital)","(Central_executive|Salience)&(Attention|Visual)","(Parietal)&(Temporal|Occipital)-(Central_executive|Salience)&(Attention|Visual)"
"edge_pheno1122","Net100_Pair9_44","(Temporal)&(Frontal_Inf)","(Default_mode)&(Default_mode|Central_executive)","(Temporal)&(Frontal_Inf)-(Default_mode)&(Default_mode|Central_executive)"
"edge_pheno1126","Net100_Pair13_44","(Frontal_Sup)&(Frontal_Inf)","(Default_mode)&(Default_mode|Central_executive)","(Frontal_Sup)&(Frontal_Inf)-(Default_mode)&(Default_mode|Central_executive)"
"edge_pheno1134","Net100_Pair21_44","(Frontal_Sup)&(Frontal_Inf)","(Default_mode|Central_executive)&(Default_mode|Central_executive)","(Frontal_Sup)&(Frontal_Inf)-(Default_mode|Central_executive)&(Default_mode|Central_executive)"
"edge_pheno1137","Net100_Pair24_44","(Parietal)&(Frontal_Inf)","(Central_executive|Attention)&(Default_mode|Central_executive)","(Parietal)&(Frontal_Inf)-(Central_executive|Attention)&(Default_mode|Central_executive)"
"edge_pheno1141","Net100_Pair28_44","(Supp_Motor_Area|Frontal)&(Frontal_Inf)","(Salience|Default_mode)&(Default_mode|Central_executive)","(Supp_Motor_Area|Frontal)&(Frontal_Inf)-(Salience|Default_mode)&(Default_mode|Central_executive)"
"edge_pheno1142","Net100_Pair29_44","(Parietal)&(Frontal_Inf)","(Central_executive|Salience)&(Default_mode|Central_executive)","(Parietal)&(Frontal_Inf)-(Central_executive|Salience)&(Default_mode|Central_executive)"
"edge_pheno1161","Net100_Pair5_45","(Precuneus|Angular|Cingulate)&(Frontal)","(Default_mode|Central_executive)&(Salience|Default_mode)","(Precuneus|Angular|Cingulate)&(Frontal)-(Default_mode|Central_executive)&(Salience|Default_mode)"
"edge_pheno1167","Net100_Pair11_45","(Angular|Temporal)&(Frontal)","(Default_mode|Central_executive)&(Salience|Default_mode)","(Angular|Temporal)&(Frontal)-(Default_mode|Central_executive)&(Salience|Default_mode)"
"edge_pheno1171","Net100_Pair15_45","(Insula|Cingulate)&(Frontal)","(Salience|Default_mode)&(Salience|Default_mode)","(Insula|Cingulate)&(Frontal)-(Salience|Default_mode)&(Salience|Default_mode)"
"edge_pheno1175","Net100_Pair19_45","(Precuneus|Cuneus|Cingulate)&(Frontal)","(Default_mode|Central_executive)&(Salience|Default_mode)","(Precuneus|Cuneus|Cingulate)&(Frontal)-(Default_mode|Central_executive)&(Salience|Default_mode)"
"edge_pheno1183","Net100_Pair27_45","(Precentral|Frontal|Supp_Motor_Area)&(Frontal)","(Attention|Salience|Motor)&(Salience|Default_mode)","(Precentral|Frontal|Supp_Motor_Area)&(Frontal)-(Attention|Salience|Motor)&(Salience|Default_mode)"
"edge_pheno1184","Net100_Pair28_45","(Supp_Motor_Area|Frontal)&(Frontal)","(Salience|Default_mode)&(Salience|Default_mode)","(Supp_Motor_Area|Frontal)&(Frontal)-(Salience|Default_mode)&(Salience|Default_mode)"
"edge_pheno1189","Net100_Pair33_45","(Temporal|Frontal|Supp_Motor_Area)&(Frontal)","(Default_mode|Salience)&(Salience|Default_mode)","(Temporal|Frontal|Supp_Motor_Area)&(Frontal)-(Default_mode|Salience)&(Salience|Default_mode)"
"edge_pheno1205","Net100_Pair5_46","(Precuneus|Angular|Cingulate)&(Temporal)","(Default_mode|Central_executive)&(Central_executive|Default_mode)","(Precuneus|Angular|Cingulate)&(Temporal)-(Default_mode|Central_executive)&(Central_executive|Default_mode)"
"edge_pheno1211","Net100_Pair11_46","(Angular|Temporal)&(Temporal)","(Default_mode|Central_executive)&(Central_executive|Default_mode)","(Angular|Temporal)&(Temporal)-(Default_mode|Central_executive)&(Central_executive|Default_mode)"
"edge_pheno1221","Net100_Pair21_46","(Frontal_Sup)&(Temporal)","(Default_mode|Central_executive)&(Central_executive|Default_mode)","(Frontal_Sup)&(Temporal)-(Default_mode|Central_executive)&(Central_executive|Default_mode)"
"edge_pheno1225","Net100_Pair25_46","(Frontal|Precentral)&(Temporal)","(Central_executive)&(Central_executive|Default_mode)","(Frontal|Precentral)&(Temporal)-(Central_executive)&(Central_executive|Default_mode)"
"edge_pheno1250","Net100_Pair5_47","(Precuneus|Angular|Cingulate)&(Frontal)","(Default_mode|Central_executive)&(Central_executive|Salience|Default_mode)","(Precuneus|Angular|Cingulate)&(Frontal)-(Default_mode|Central_executive)&(Central_executive|Salience|Default_mode)"
"edge_pheno1256","Net100_Pair11_47","(Angular|Temporal)&(Frontal)","(Default_mode|Central_executive)&(Central_executive|Salience|Default_mode)","(Angular|Temporal)&(Frontal)-(Default_mode|Central_executive)&(Central_executive|Salience|Default_mode)"
"edge_pheno1257","Net100_Pair12_47","(Frontal|Cerebellum)&(Frontal)","(Central_executive|Default_mode)&(Central_executive|Salience|Default_mode)","(Frontal|Cerebellum)&(Frontal)-(Central_executive|Default_mode)&(Central_executive|Salience|Default_mode)"
"edge_pheno1269","Net100_Pair24_47","(Parietal)&(Frontal)","(Central_executive|Attention)&(Central_executive|Salience|Default_mode)","(Parietal)&(Frontal)-(Central_executive|Attention)&(Central_executive|Salience|Default_mode)"
"edge_pheno1270","Net100_Pair25_47","(Frontal|Precentral)&(Frontal)","(Central_executive)&(Central_executive|Salience|Default_mode)","(Frontal|Precentral)&(Frontal)-(Central_executive)&(Central_executive|Salience|Default_mode)"
"edge_pheno1273","Net100_Pair28_47","(Supp_Motor_Area|Frontal)&(Frontal)","(Salience|Default_mode)&(Central_executive|Salience|Default_mode)","(Supp_Motor_Area|Frontal)&(Frontal)-(Salience|Default_mode)&(Central_executive|Salience|Default_mode)"
"edge_pheno1276","Net100_Pair31_47","(Frontal)&(Frontal)","(Central_executive)&(Central_executive|Salience|Default_mode)","(Frontal)&(Frontal)-(Central_executive)&(Central_executive|Salience|Default_mode)"
"edge_pheno1293","Net100_Pair2_48","(RolandicOper|SupraMarginal|Insula)&(Temporal)","(Salience|Motor)&(Default_mode|Central_executive)","(RolandicOper|SupraMarginal|Insula)&(Temporal)-(Salience|Motor)&(Default_mode|Central_executive)"
"edge_pheno1296","Net100_Pair5_48","(Precuneus|Angular|Cingulate)&(Temporal)","(Default_mode|Central_executive)&(Default_mode|Central_executive)","(Precuneus|Angular|Cingulate)&(Temporal)-(Default_mode|Central_executive)&(Default_mode|Central_executive)"
"edge_pheno1300","Net100_Pair9_48","(Temporal)&(Temporal)","(Default_mode)&(Default_mode|Central_executive)","(Temporal)&(Temporal)-(Default_mode)&(Default_mode|Central_executive)"
"edge_pheno1301","Net100_Pair10_48","(OccipitalPrecuneus)&(Temporal)","(Default_mode|Central_executive)&(Default_mode|Central_executive)","(OccipitalPrecuneus)&(Temporal)-(Default_mode|Central_executive)&(Default_mode|Central_executive)"
"edge_pheno1302","Net100_Pair11_48","(Angular|Temporal)&(Temporal)","(Default_mode|Central_executive)&(Default_mode|Central_executive)","(Angular|Temporal)&(Temporal)-(Default_mode|Central_executive)&(Default_mode|Central_executive)"
"edge_pheno1309","Net100_Pair18_48","(Parietal)&(Temporal)","(Attention|Central_executive|Salience)&(Default_mode|Central_executive)","(Parietal)&(Temporal)-(Attention|Central_executive|Salience)&(Default_mode|Central_executive)"
"edge_pheno1311","Net100_Pair20_48","(Postcentral|Precentral)&(Temporal)","(Motor|Attention)&(Default_mode|Central_executive)","(Postcentral|Precentral)&(Temporal)-(Motor|Attention)&(Default_mode|Central_executive)"
"edge_pheno1317","Net100_Pair26_48","(Parietal|Frontal)&(Temporal)","(Attention|Central_executive)&(Default_mode|Central_executive)","(Parietal|Frontal)&(Temporal)-(Attention|Central_executive)&(Default_mode|Central_executive)"
"edge_pheno1319","Net100_Pair28_48","(Supp_Motor_Area|Frontal)&(Temporal)","(Salience|Default_mode)&(Default_mode|Central_executive)","(Supp_Motor_Area|Frontal)&(Temporal)-(Salience|Default_mode)&(Default_mode|Central_executive)"
"edge_pheno1322","Net100_Pair31_48","(Frontal)&(Temporal)","(Central_executive)&(Default_mode|Central_executive)","(Frontal)&(Temporal)-(Central_executive)&(Default_mode|Central_executive)"
"edge_pheno1325","Net100_Pair34_48","(Parietal|Postcentral|Precuneus)&(Temporal)","(Attention)&(Default_mode|Central_executive)","(Parietal|Postcentral|Precuneus)&(Temporal)-(Attention)&(Default_mode|Central_executive)"
"edge_pheno1328","Net100_Pair37_48","(Frontal)&(Temporal)","(Central_executive|Salience)&(Default_mode|Central_executive)","(Frontal)&(Temporal)-(Central_executive|Salience)&(Default_mode|Central_executive)"
"edge_pheno1359","Net100_Pair21_49","(Frontal_Sup)&(Temporal_Mid|Angular)","(Default_mode|Central_executive)&(Default_mode)","(Frontal_Sup)&(Temporal_Mid|Angular)-(Default_mode|Central_executive)&(Default_mode)"
"edge_pheno1382","Net100_Pair44_49","(Frontal_Inf)&(Temporal_Mid|Angular)","(Default_mode|Central_executive)&(Default_mode)","(Frontal_Inf)&(Temporal_Mid|Angular)-(Default_mode|Central_executive)&(Default_mode)"
"edge_pheno1696","Net_Edge_ICA1","NA(Global_measure)","Motor|Subcortical-cerebellum","NA(Global_measure)-Motor|Subcortical-cerebellum"
"edge_pheno1697","Net_Edge_ICA2","NA(Global_measure)","Triple_netwoks(Default_mode,Central_executive,Salience)","NA(Global_measure)-Triple_netwoks(Default_mode,Central_executive,Salience)"
"edge_pheno1698","Net_Edge_ICA3","NA(Global_measure)","Triple_netwoks(Default_mode,Central_executive,Salience)|Attention","NA(Global_measure)-Triple_netwoks(Default_mode,Central_executive,Salience)|Attention"
"edge_pheno1699","Net_Edge_ICA4","NA(Global_measure)","Triple_netwoks(Default_mode,Central_executive,Salience)|Attention","NA(Global_measure)-Triple_netwoks(Default_mode,Central_executive,Salience)|Attention"
"edge_pheno1701","Net_Edge_ICA6","NA(Global_measure)","Triple_netwoks(Default_mode,Central_executive,Salience)","NA(Global_measure)-Triple_netwoks(Default_mode,Central_executive,Salience)"
"node_pheno1","Net25_Node1","Cerebellum|Precuneus","Default_mode","Cerebellum|Precuneus-Default_mode"
"node_pheno2","Net25_Node2","Occipital","Visual|Attention","Occipital-Visual|Attention"
"node_pheno3","Net25_Node3","Pariental","Attention|Salience|Central_executive","Pariental-Attention|Salience|Central_executive"
"node_pheno4","Net25_Node4","Calcarine|Lingual|Cuneus","Visual","Calcarine|Lingual|Cuneus-Visual"
"node_pheno5","Net25_Node5","Parietal|Cerebellum","Central_executive|Attention|Default_mode","Parietal|Cerebellum-Central_executive|Attention|Default_mode"
"node_pheno7","Net25_Node7","Precuneus|Occipital","Default_mode|Central_executive","Precuneus|Occipital-Default_mode|Central_executive"
"node_pheno8","Net25_Node8","Occipital","Visual","Occipital-Visual"
"node_pheno9","Net25_Node9","Parietal|Temporal","Default_mode|Central_executive","Parietal|Temporal-Default_mode|Central_executive"
"node_pheno10","Net25_Node10","Postcentral|Precentral","Motor","Postcentral|Precentral-Motor"
"node_pheno11","Net25_Node11","Postcentral|Precentral","Motor","Postcentral|Precentral-Motor"
"node_pheno12","Net25_Node12","Paracentral|Postcentral","Motor","Paracentral|Postcentral-Motor"
"node_pheno13","Net25_Node13","Frontal|Supp_Motor_Area|Temporal","Default_mode|Salience","Frontal|Supp_Motor_Area|Temporal-Default_mode|Salience"
"node_pheno14","Net25_Node14","Cingulate|Frontal","Default_mode|Central_executive|Salience","Cingulate|Frontal-Default_mode|Central_executive|Salience"
"node_pheno15","Net25_Node15","Cerebellum","Subcortical-cerebellum","Cerebellum-Subcortical-cerebellum"
"node_pheno16","Net25_Node16","Frontal","Salience|Central_executive","Frontal-Salience|Central_executive"
"node_pheno17","Net25_Node17","Temporal","Default_mode|Motor","Temporal-Default_mode|Motor"
"node_pheno18","Net25_Node18","Subcortical","Subcortical-cerebellum","Subcortical-Subcortical-cerebellum"
"node_pheno19","Net25_Node19","Occipital","Visual","Occipital-Visual"
"node_pheno20","Net25_Node20","Precuneus|Cingulate","Default_mode|Central_executive","Precuneus|Cingulate-Default_mode|Central_executive"
"node_pheno21","Net25_Node21","Frontal","Default_mode|Central_executive","Frontal-Default_mode|Central_executive"
"node_pheno22","Net100_Node1","Calcarine|Lingual|Cuneus","Visual","Calcarine|Lingual|Cuneus-Visual"
"node_pheno23","Net100_Node2","RolandicOper|SupraMarginal|Insula","Salience|Motor","RolandicOper|SupraMarginal|Insula-Salience|Motor"
"node_pheno24","Net100_Node3","Lingual|Fusiform","Visual","Lingual|Fusiform-Visual"
"node_pheno25","Net100_Node4","Occipital","Attention|Visual","Occipital-Attention|Visual"
"node_pheno26","Net100_Node5","Precuneus|Angular|Cingulate","Default_mode|Central_executive","Precuneus|Angular|Cingulate-Default_mode|Central_executive"
"node_pheno27","Net100_Node6","Postcentral|Precentral","Motor","Postcentral|Precentral-Motor"
"node_pheno28","Net100_Node7","Frontal|Cingulate","Default_mode|Limbic","Frontal|Cingulate-Default_mode|Limbic"
"node_pheno29","Net100_Node8","Calcarine|Lingual","Visual","Calcarine|Lingual-Visual"
"node_pheno30","Net100_Node9","Temporal","Default_mode","Temporal-Default_mode"
"node_pheno31","Net100_Node10","OccipitalPrecuneus","Default_mode|Central_executive","OccipitalPrecuneus-Default_mode|Central_executive"
"node_pheno32","Net100_Node11","Angular|Temporal","Default_mode|Central_executive","Angular|Temporal-Default_mode|Central_executive"
"node_pheno33","Net100_Node12","Frontal|Cerebellum","Central_executive|Default_mode","Frontal|Cerebellum-Central_executive|Default_mode"
"node_pheno34","Net100_Node13","Frontal_Sup","Default_mode","Frontal_Sup-Default_mode"
"node_pheno35","Net100_Node14","Cuneus|Occipital","Visual","Cuneus|Occipital-Visual"
"node_pheno36","Net100_Node15","Insula|Cingulate","Salience|Default_mode","Insula|Cingulate-Salience|Default_mode"
"node_pheno37","Net100_Node16","Occipital","Visual","Occipital-Visual"
"node_pheno38","Net100_Node17","Cerebellum","Subcortical-cerebellum","Cerebellum-Subcortical-cerebellum"
"node_pheno39","Net100_Node18","Parietal","Attention|Central_executive|Salience","Parietal-Attention|Central_executive|Salience"
"node_pheno40","Net100_Node19","Precuneus|Cuneus|Cingulate","Default_mode|Central_executive","Precuneus|Cuneus|Cingulate-Default_mode|Central_executive"
"node_pheno41","Net100_Node20","Postcentral|Precentral","Motor|Attention","Postcentral|Precentral-Motor|Attention"
"node_pheno42","Net100_Node21","Frontal_Sup","Default_mode|Central_executive","Frontal_Sup-Default_mode|Central_executive"
"node_pheno43","Net100_Node22","Temporal_Sup","Default_mode|Motor","Temporal_Sup-Default_mode|Motor"
"node_pheno44","Net100_Node23","Cerebellum","Subcortical-cerebellum","Cerebellum-Subcortical-cerebellum"
"node_pheno45","Net100_Node24","Parietal","Central_executive|Attention","Parietal-Central_executive|Attention"
"node_pheno46","Net100_Node25","Frontal|Precentral","Central_executive","Frontal|Precentral-Central_executive"
"node_pheno47","Net100_Node26","Parietal|Frontal","Attention|Central_executive","Parietal|Frontal-Attention|Central_executive"
"node_pheno48","Net100_Node27","Precentral|Frontal|Supp_Motor_Area","Attention|Salience|Motor","Precentral|Frontal|Supp_Motor_Area-Attention|Salience|Motor"
"node_pheno49","Net100_Node28","Supp_Motor_Area|Frontal","Salience|Default_mode","Supp_Motor_Area|Frontal-Salience|Default_mode"
"node_pheno50","Net100_Node29","Parietal","Central_executive|Salience","Parietal-Central_executive|Salience"
"node_pheno51","Net100_Node30","Paracentral","Motor","Paracentral-Motor"
"node_pheno52","Net100_Node31","Frontal","Central_executive","Frontal-Central_executive"
"node_pheno53","Net100_Node32","Postcentral|Precentral","Motor|Attention","Postcentral|Precentral-Motor|Attention"
"node_pheno54","Net100_Node33","Temporal|Frontal|Supp_Motor_Area","Default_mode|Salience","Temporal|Frontal|Supp_Motor_Area-Default_mode|Salience"
"node_pheno55","Net100_Node34","Parietal|Postcentral|Precuneus","Attention","Parietal|Postcentral|Precuneus-Attention"
"node_pheno56","Net100_Node35","Postcentral|Precentral","Motor","Postcentral|Precentral-Motor"
"node_pheno57","Net100_Node36","Precuneus","Default_mode|Central_executive","Precuneus-Default_mode|Central_executive"
"node_pheno58","Net100_Node37","Frontal","Central_executive|Salience","Frontal-Central_executive|Salience"
"node_pheno59","Net100_Node38","Subcortical","Subcortical-cerebellum","Subcortical-Subcortical-cerebellum"
"node_pheno60","Net100_Node39","Precuneus|Parietal_Sup","Attention|Central_executive","Precuneus|Parietal_Sup-Attention|Central_executive"
"node_pheno61","Net100_Node40","Frontal","Central_executive","Frontal-Central_executive"
"node_pheno62","Net100_Node41","Temporal|Occipital","Attention|Visual","Temporal|Occipital-Attention|Visual"
"node_pheno63","Net100_Node42","Temporal|Occipital","Attention|Visual","Temporal|Occipital-Attention|Visual"
"node_pheno64","Net100_Node43","Temporal|Fusiform","Limbic|Default_mode","Temporal|Fusiform-Limbic|Default_mode"
"node_pheno65","Net100_Node44","Frontal_Inf","Default_mode|Central_executive","Frontal_Inf-Default_mode|Central_executive"
"node_pheno66","Net100_Node45","Frontal","Salience|Default_mode","Frontal-Salience|Default_mode"
"node_pheno67","Net100_Node46","Temporal","Central_executive|Default_mode","Temporal-Central_executive|Default_mode"
"node_pheno68","Net100_Node47","Frontal","Central_executive|Salience|Default_mode","Frontal-Central_executive|Salience|Default_mode"
"node_pheno69","Net100_Node48","Temporal","Default_mode|Central_executive","Temporal-Default_mode|Central_executive"
"node_pheno70","Net100_Node49","Temporal_Mid|Angular","Default_mode","Temporal_Mid|Angular-Default_mode"
"node_pheno71","Net100_Node50","Orbitofrontal","Limbic","Orbitofrontal-Limbic"
"node_pheno72","Net100_Node51","Cerebellum|Temporal","Subcortical-cerebellum","Cerebellum|Temporal-Subcortical-cerebellum"
"node_pheno73","Net100_Node52","Cerebellum|Temporal","Subcortical-cerebellum","Cerebellum|Temporal-Subcortical-cerebellum"
"node_pheno74","Net100_Node53","Frontal","Limbic","Frontal-Limbic"
"node_pheno75","Net100_Node54","Temporal|Orbitofrontal","Limbic","Temporal|Orbitofrontal-Limbic"
"node_pheno76","Net100_Node55","Frontal_Sup","Limbic|Default_mode","Frontal_Sup-Limbic|Default_mode"
