"firstAuthor","accessionId","publicationDate","journal","title","reportedTrait","efoTraits","bgTraits","discoverySampleAncestry","replicationSampleAncestry","associationCount","summaryStatistics","ssApiFlag","agreedToCc0","genotypingTechnologies","pubmedId","initialSampleDescription","replicateSampleDescription","html"
"Fürtjes AE","GCST90085819",2023-03-29,"Hum Brain Mapp","General dimensions of human brain morphometry inferred from genome-wide association data.","Brain stem volume (UKB data field 26526)","brain stem volume measurement","-","36778 European",NA,0,"http://ftp.ebi.ac.uk/pub/databases/gwas/summary_statistics/GCST90085001-GCST90086000/GCST90085819","no","yes","Genome-wide genotyping array",36987996,"36,778 European ancestry individuals",NA,"http://ftp.ebi.ac.uk/pub/databases/gwas/summary_statistics/GCST90085001-GCST90086000/GCST90085819/GCST90085819_buildGRCh38.tsv.gz"
"Fürtjes AE","GCST90085820",2023-03-29,"Hum Brain Mapp","General dimensions of human brain morphometry inferred from genome-wide association data.","Left accumbens area volume (UKB data field 26564)","nucleus accumbens volume","-","36778 European",NA,0,"http://ftp.ebi.ac.uk/pub/databases/gwas/summary_statistics/GCST90085001-GCST90086000/GCST90085820","no","yes","Genome-wide genotyping array",36987996,"36,778 European ancestry individuals",NA,"http://ftp.ebi.ac.uk/pub/databases/gwas/summary_statistics/GCST90085001-GCST90086000/GCST90085820/GCST90085820_buildGRCh38.tsv.gz"
"Fürtjes AE","GCST90085821",2023-03-29,"Hum Brain Mapp","General dimensions of human brain morphometry inferred from genome-wide association data.","Left amygdala volume (UKB data field 26563)","amygdala volume","-","36778 European",NA,0,"http://ftp.ebi.ac.uk/pub/databases/gwas/summary_statistics/GCST90085001-GCST90086000/GCST90085821","no","yes","Genome-wide genotyping array",36987996,"36,778 European ancestry individuals",NA,"http://ftp.ebi.ac.uk/pub/databases/gwas/summary_statistics/GCST90085001-GCST90086000/GCST90085821/GCST90085821_buildGRCh38.tsv.gz"
"Fürtjes AE","GCST90085822",2023-03-29,"Hum Brain Mapp","General dimensions of human brain morphometry inferred from genome-wide association data.","Left banks of superior temporal sulcus volume (UKB data field 26789)","banks of the superior temporal sulcus volume measurement","-","36778 European",NA,0,"http://ftp.ebi.ac.uk/pub/databases/gwas/summary_statistics/GCST90085001-GCST90086000/GCST90085822","no","yes","Genome-wide genotyping array",36987996,"36,778 European ancestry individuals",NA,"http://ftp.ebi.ac.uk/pub/databases/gwas/summary_statistics/GCST90085001-GCST90086000/GCST90085822/GCST90085822_buildGRCh38.tsv.gz"
"Fürtjes AE","GCST90085823",2023-03-29,"Hum Brain Mapp","General dimensions of human brain morphometry inferred from genome-wide association data.","Left caudal anterior cingulate volume (UKB data field 26790)","caudal anterior cingulate cortex volume measurement","-","36778 European",NA,0,"http://ftp.ebi.ac.uk/pub/databases/gwas/summary_statistics/GCST90085001-GCST90086000/GCST90085823","no","yes","Genome-wide genotyping array",36987996,"36,778 European ancestry individuals",NA,"http://ftp.ebi.ac.uk/pub/databases/gwas/summary_statistics/GCST90085001-GCST90086000/GCST90085823/GCST90085823_buildGRCh38.tsv.gz"
"Fürtjes AE","GCST90085824",2023-03-29,"Hum Brain Mapp","General dimensions of human brain morphometry inferred from genome-wide association data.","Left caudal middle frontal volume (UKB data field 26791)","caudal middle frontal gyrus volume measurement","-","36778 European",NA,0,"http://ftp.ebi.ac.uk/pub/databases/gwas/summary_statistics/GCST90085001-GCST90086000/GCST90085824","no","yes","Genome-wide genotyping array",36987996,"36,778 European ancestry individuals",NA,"http://ftp.ebi.ac.uk/pub/databases/gwas/summary_statistics/GCST90085001-GCST90086000/GCST90085824/GCST90085824_buildGRCh38.tsv.gz"
"Fürtjes AE","GCST90085825",2023-03-29,"Hum Brain Mapp","General dimensions of human brain morphometry inferred from genome-wide association data.","Left caudate volume (UKB data field 26559)","caudate nucleus volume","-","36778 European",NA,0,"http://ftp.ebi.ac.uk/pub/databases/gwas/summary_statistics/GCST90085001-GCST90086000/GCST90085825","no","yes","Genome-wide genotyping array",36987996,"36,778 European ancestry individuals",NA,"http://ftp.ebi.ac.uk/pub/databases/gwas/summary_statistics/GCST90085001-GCST90086000/GCST90085825/GCST90085825_buildGRCh38.tsv.gz"
"Fürtjes AE","GCST90085867",2023-03-29,"Hum Brain Mapp","General dimensions of human brain morphometry inferred from genome-wide association data.","Right cuneus volume (UKB data field 26893)","cuneus cortex volume measurement","-","36778 European",NA,0,"http://ftp.ebi.ac.uk/pub/databases/gwas/summary_statistics/GCST90085001-GCST90086000/GCST90085867","no","yes","Genome-wide genotyping array",36987996,"36,778 European ancestry individuals",NA,"http://ftp.ebi.ac.uk/pub/databases/gwas/summary_statistics/GCST90085001-GCST90086000/GCST90085867/GCST90085867_buildGRCh38.tsv.gz"
"Fürtjes AE","GCST90085826",2023-03-29,"Hum Brain Mapp","General dimensions of human brain morphometry inferred from genome-wide association data.","Left cuneus volume (UKB data field 26792)","cuneus cortex volume measurement","-","36778 European",NA,0,"http://ftp.ebi.ac.uk/pub/databases/gwas/summary_statistics/GCST90085001-GCST90086000/GCST90085826","no","yes","Genome-wide genotyping array",36987996,"36,778 European ancestry individuals",NA,"http://ftp.ebi.ac.uk/pub/databases/gwas/summary_statistics/GCST90085001-GCST90086000/GCST90085826/GCST90085826_buildGRCh38.tsv.gz"
"Fürtjes AE","GCST90085827",2023-03-29,"Hum Brain Mapp","General dimensions of human brain morphometry inferred from genome-wide association data.","Left ventral diencephalon (DC) volume (UKB data field 26565)","ventral diencephalon volume measurement","-","36778 European",NA,0,"http://ftp.ebi.ac.uk/pub/databases/gwas/summary_statistics/GCST90085001-GCST90086000/GCST90085827","no","yes","Genome-wide genotyping array",36987996,"36,778 European ancestry individuals",NA,"http://ftp.ebi.ac.uk/pub/databases/gwas/summary_statistics/GCST90085001-GCST90086000/GCST90085827/GCST90085827_buildGRCh38.tsv.gz"
"Fürtjes AE","GCST90085828",2023-03-29,"Hum Brain Mapp","General dimensions of human brain morphometry inferred from genome-wide association data.","Left entorhinal volume (UKB data field 26793)","entorhinal cortex volume measurement","-","36778 European",NA,0,"http://ftp.ebi.ac.uk/pub/databases/gwas/summary_statistics/GCST90085001-GCST90086000/GCST90085828","no","yes","Genome-wide genotyping array",36987996,"36,778 European ancestry individuals",NA,"http://ftp.ebi.ac.uk/pub/databases/gwas/summary_statistics/GCST90085001-GCST90086000/GCST90085828/GCST90085828_buildGRCh38.tsv.gz"
"Fürtjes AE","GCST90085829",2023-03-29,"Hum Brain Mapp","General dimensions of human brain morphometry inferred from genome-wide association data.","Left frontal pole volume (UKB data field 26819)","frontal pole volume measurement","-","36778 European",NA,0,"http://ftp.ebi.ac.uk/pub/databases/gwas/summary_statistics/GCST90085001-GCST90086000/GCST90085829","no","yes","Genome-wide genotyping array",36987996,"36,778 European ancestry individuals",NA,"http://ftp.ebi.ac.uk/pub/databases/gwas/summary_statistics/GCST90085001-GCST90086000/GCST90085829/GCST90085829_buildGRCh38.tsv.gz"
"Fürtjes AE","GCST90085830",2023-03-29,"Hum Brain Mapp","General dimensions of human brain morphometry inferred from genome-wide association data.","Left fusiform volume (UKB data field 26794)","fusiform gyrus volume measurement","-","36778 European",NA,0,"http://ftp.ebi.ac.uk/pub/databases/gwas/summary_statistics/GCST90085001-GCST90086000/GCST90085830","no","yes","Genome-wide genotyping array",36987996,"36,778 European ancestry individuals",NA,"http://ftp.ebi.ac.uk/pub/databases/gwas/summary_statistics/GCST90085001-GCST90086000/GCST90085830/GCST90085830_buildGRCh38.tsv.gz"
"Fürtjes AE","GCST90085831",2023-03-29,"Hum Brain Mapp","General dimensions of human brain morphometry inferred from genome-wide association data.","Left hippocampus volume (UKB data field 26562)","hippocampal volume","-","36778 European",NA,0,"http://ftp.ebi.ac.uk/pub/databases/gwas/summary_statistics/GCST90085001-GCST90086000/GCST90085831","no","yes","Genome-wide genotyping array",36987996,"36,778 European ancestry individuals",NA,"http://ftp.ebi.ac.uk/pub/databases/gwas/summary_statistics/GCST90085001-GCST90086000/GCST90085831/GCST90085831_buildGRCh38.tsv.gz"
"Fürtjes AE","GCST90085832",2023-03-29,"Hum Brain Mapp","General dimensions of human brain morphometry inferred from genome-wide association data.","Left inferior parietal volume (UKB data field 26795)","inferior parietal cortex volume measurement","-","36778 European",NA,0,"http://ftp.ebi.ac.uk/pub/databases/gwas/summary_statistics/GCST90085001-GCST90086000/GCST90085832","no","yes","Genome-wide genotyping array",36987996,"36,778 European ancestry individuals",NA,"http://ftp.ebi.ac.uk/pub/databases/gwas/summary_statistics/GCST90085001-GCST90086000/GCST90085832/GCST90085832_buildGRCh38.tsv.gz"
"Fürtjes AE","GCST90085833",2023-03-29,"Hum Brain Mapp","General dimensions of human brain morphometry inferred from genome-wide association data.","Left inferior temporal volume (UKB data field 26796)","inferior temporal gyrus volume measurement","-","36778 European",NA,0,"http://ftp.ebi.ac.uk/pub/databases/gwas/summary_statistics/GCST90085001-GCST90086000/GCST90085833","no","yes","Genome-wide genotyping array",36987996,"36,778 European ancestry individuals",NA,"http://ftp.ebi.ac.uk/pub/databases/gwas/summary_statistics/GCST90085001-GCST90086000/GCST90085833/GCST90085833_buildGRCh38.tsv.gz"
"Fürtjes AE","GCST90085834",2023-03-29,"Hum Brain Mapp","General dimensions of human brain morphometry inferred from genome-wide association data.","Left insula volume (UKB data field 26821)","insular cortex volume measurement","-","36778 European",NA,0,"http://ftp.ebi.ac.uk/pub/databases/gwas/summary_statistics/GCST90085001-GCST90086000/GCST90085834","no","yes","Genome-wide genotyping array",36987996,"36,778 European ancestry individuals",NA,"http://ftp.ebi.ac.uk/pub/databases/gwas/summary_statistics/GCST90085001-GCST90086000/GCST90085834/GCST90085834_buildGRCh38.tsv.gz"
"Fürtjes AE","GCST90085835",2023-03-29,"Hum Brain Mapp","General dimensions of human brain morphometry inferred from genome-wide association data.","Left isthmus cingulate volume (UKB data field 26797)","isthmus cingulate cortex volume measurement","-","36778 European",NA,0,"http://ftp.ebi.ac.uk/pub/databases/gwas/summary_statistics/GCST90085001-GCST90086000/GCST90085835","no","yes","Genome-wide genotyping array",36987996,"36,778 European ancestry individuals",NA,"http://ftp.ebi.ac.uk/pub/databases/gwas/summary_statistics/GCST90085001-GCST90086000/GCST90085835/GCST90085835_buildGRCh38.tsv.gz"
"Fürtjes AE","GCST90085836",2023-03-29,"Hum Brain Mapp","General dimensions of human brain morphometry inferred from genome-wide association data.","Left lateral occipital volume (UKB data field 26798)","lateral occipital cortex volume measurement","-","36778 European",NA,0,"http://ftp.ebi.ac.uk/pub/databases/gwas/summary_statistics/GCST90085001-GCST90086000/GCST90085836","no","yes","Genome-wide genotyping array",36987996,"36,778 European ancestry individuals",NA,"http://ftp.ebi.ac.uk/pub/databases/gwas/summary_statistics/GCST90085001-GCST90086000/GCST90085836/GCST90085836_buildGRCh38.tsv.gz"
"Fürtjes AE","GCST90085837",2023-03-29,"Hum Brain Mapp","General dimensions of human brain morphometry inferred from genome-wide association data.","Left lateral orbitofrontal volume (UKB data field 26799)","lateral orbital frontal cortex volume measurement","-","36778 European",NA,0,"http://ftp.ebi.ac.uk/pub/databases/gwas/summary_statistics/GCST90085001-GCST90086000/GCST90085837","no","yes","Genome-wide genotyping array",36987996,"36,778 European ancestry individuals",NA,"http://ftp.ebi.ac.uk/pub/databases/gwas/summary_statistics/GCST90085001-GCST90086000/GCST90085837/GCST90085837_buildGRCh38.tsv.gz"
"Fürtjes AE","GCST90085838",2023-03-29,"Hum Brain Mapp","General dimensions of human brain morphometry inferred from genome-wide association data.","Left lingual volume (UKB data field 26800)","lingual gyrus volume measurement","-","36778 European",NA,0,"http://ftp.ebi.ac.uk/pub/databases/gwas/summary_statistics/GCST90085001-GCST90086000/GCST90085838","no","yes","Genome-wide genotyping array",36987996,"36,778 European ancestry individuals",NA,"http://ftp.ebi.ac.uk/pub/databases/gwas/summary_statistics/GCST90085001-GCST90086000/GCST90085838/GCST90085838_buildGRCh38.tsv.gz"
"Fürtjes AE","GCST90085839",2023-03-29,"Hum Brain Mapp","General dimensions of human brain morphometry inferred from genome-wide association data.","Left medial orbitofrontal volume (UKB data field 26801)","medial orbital frontal cortex volume measurement","-","36778 European",NA,0,"http://ftp.ebi.ac.uk/pub/databases/gwas/summary_statistics/GCST90085001-GCST90086000/GCST90085839","no","yes","Genome-wide genotyping array",36987996,"36,778 European ancestry individuals",NA,"http://ftp.ebi.ac.uk/pub/databases/gwas/summary_statistics/GCST90085001-GCST90086000/GCST90085839/GCST90085839_buildGRCh38.tsv.gz"
"Fürtjes AE","GCST90085840",2023-03-29,"Hum Brain Mapp","General dimensions of human brain morphometry inferred from genome-wide association data.","Left middle temporal volume (UKB data field 26802)","middle temporal gyrus volume measurement","-","36778 European",NA,0,"http://ftp.ebi.ac.uk/pub/databases/gwas/summary_statistics/GCST90085001-GCST90086000/GCST90085840","no","yes","Genome-wide genotyping array",36987996,"36,778 European ancestry individuals",NA,"http://ftp.ebi.ac.uk/pub/databases/gwas/summary_statistics/GCST90085001-GCST90086000/GCST90085840/GCST90085840_buildGRCh38.tsv.gz"
"Fürtjes AE","GCST90085841",2023-03-29,"Hum Brain Mapp","General dimensions of human brain morphometry inferred from genome-wide association data.","Left pallidum volume (UKB data field 26561)","pallidum volume","-","36778 European",NA,0,"http://ftp.ebi.ac.uk/pub/databases/gwas/summary_statistics/GCST90085001-GCST90086000/GCST90085841","no","yes","Genome-wide genotyping array",36987996,"36,778 European ancestry individuals",NA,"http://ftp.ebi.ac.uk/pub/databases/gwas/summary_statistics/GCST90085001-GCST90086000/GCST90085841/GCST90085841_buildGRCh38.tsv.gz"
"Fürtjes AE","GCST90085842",2023-03-29,"Hum Brain Mapp","General dimensions of human brain morphometry inferred from genome-wide association data.","Left paracentral volume (UKB data field 26804)","paracentral lobule volume measurement","-","36778 European",NA,0,"http://ftp.ebi.ac.uk/pub/databases/gwas/summary_statistics/GCST90085001-GCST90086000/GCST90085842","no","yes","Genome-wide genotyping array",36987996,"36,778 European ancestry individuals",NA,"http://ftp.ebi.ac.uk/pub/databases/gwas/summary_statistics/GCST90085001-GCST90086000/GCST90085842/GCST90085842_buildGRCh38.tsv.gz"
"Fürtjes AE","GCST90085843",2023-03-29,"Hum Brain Mapp","General dimensions of human brain morphometry inferred from genome-wide association data.","Left parahippocampal volume (UKB data field 26803)","parahippocampal gyrus volume measurement","-","36778 European",NA,0,"http://ftp.ebi.ac.uk/pub/databases/gwas/summary_statistics/GCST90085001-GCST90086000/GCST90085843","no","yes","Genome-wide genotyping array",36987996,"36,778 European ancestry individuals",NA,"http://ftp.ebi.ac.uk/pub/databases/gwas/summary_statistics/GCST90085001-GCST90086000/GCST90085843/GCST90085843_buildGRCh38.tsv.gz"
"Fürtjes AE","GCST90085844",2023-03-29,"Hum Brain Mapp","General dimensions of human brain morphometry inferred from genome-wide association data.","Left pars opercularis volume (UKB data field 26805)","pars opercularis volume measurement","-","36778 European",NA,0,"http://ftp.ebi.ac.uk/pub/databases/gwas/summary_statistics/GCST90085001-GCST90086000/GCST90085844","no","yes","Genome-wide genotyping array",36987996,"36,778 European ancestry individuals",NA,"http://ftp.ebi.ac.uk/pub/databases/gwas/summary_statistics/GCST90085001-GCST90086000/GCST90085844/GCST90085844_buildGRCh38.tsv.gz"
"Fürtjes AE","GCST90085845",2023-03-29,"Hum Brain Mapp","General dimensions of human brain morphometry inferred from genome-wide association data.","Left pars orbitalis volume (UKB data field 26806)","pars orbitalis volume measurement","-","36778 European",NA,0,"http://ftp.ebi.ac.uk/pub/databases/gwas/summary_statistics/GCST90085001-GCST90086000/GCST90085845","no","yes","Genome-wide genotyping array",36987996,"36,778 European ancestry individuals",NA,"http://ftp.ebi.ac.uk/pub/databases/gwas/summary_statistics/GCST90085001-GCST90086000/GCST90085845/GCST90085845_buildGRCh38.tsv.gz"
"Fürtjes AE","GCST90085846",2023-03-29,"Hum Brain Mapp","General dimensions of human brain morphometry inferred from genome-wide association data.","Left pars triangularis volume (UKB data field 26807)","pars triangularis volume measurement","-","36778 European",NA,0,"http://ftp.ebi.ac.uk/pub/databases/gwas/summary_statistics/GCST90085001-GCST90086000/GCST90085846","no","yes","Genome-wide genotyping array",36987996,"36,778 European ancestry individuals",NA,"http://ftp.ebi.ac.uk/pub/databases/gwas/summary_statistics/GCST90085001-GCST90086000/GCST90085846/GCST90085846_buildGRCh38.tsv.gz"
"Fürtjes AE","GCST90085847",2023-03-29,"Hum Brain Mapp","General dimensions of human brain morphometry inferred from genome-wide association data.","Left pericalcarine volume (UKB data field 26808)","pericalcarine cortex volume measurement","-","36778 European",NA,0,"http://ftp.ebi.ac.uk/pub/databases/gwas/summary_statistics/GCST90085001-GCST90086000/GCST90085847","no","yes","Genome-wide genotyping array",36987996,"36,778 European ancestry individuals",NA,"http://ftp.ebi.ac.uk/pub/databases/gwas/summary_statistics/GCST90085001-GCST90086000/GCST90085847/GCST90085847_buildGRCh38.tsv.gz"
"Fürtjes AE","GCST90085848",2023-03-29,"Hum Brain Mapp","General dimensions of human brain morphometry inferred from genome-wide association data.","Left postcentral volume (UKB data field 26809)","postcentral gyrus volume measurement","-","36778 European",NA,0,"http://ftp.ebi.ac.uk/pub/databases/gwas/summary_statistics/GCST90085001-GCST90086000/GCST90085848","no","yes","Genome-wide genotyping array",36987996,"36,778 European ancestry individuals",NA,"http://ftp.ebi.ac.uk/pub/databases/gwas/summary_statistics/GCST90085001-GCST90086000/GCST90085848/GCST90085848_buildGRCh38.tsv.gz"
"Fürtjes AE","GCST90085849",2023-03-29,"Hum Brain Mapp","General dimensions of human brain morphometry inferred from genome-wide association data.","Left posterior cingulate volume (UKB data field 26810)","posterior cingulate cortex volume measurement","-","36778 European",NA,0,"http://ftp.ebi.ac.uk/pub/databases/gwas/summary_statistics/GCST90085001-GCST90086000/GCST90085849","no","yes","Genome-wide genotyping array",36987996,"36,778 European ancestry individuals",NA,"http://ftp.ebi.ac.uk/pub/databases/gwas/summary_statistics/GCST90085001-GCST90086000/GCST90085849/GCST90085849_buildGRCh38.tsv.gz"
"Fürtjes AE","GCST90085850",2023-03-29,"Hum Brain Mapp","General dimensions of human brain morphometry inferred from genome-wide association data.","Left precentral volume (UKB data field 26811)","precentral gyrus volume measurement","-","36778 European",NA,0,"http://ftp.ebi.ac.uk/pub/databases/gwas/summary_statistics/GCST90085001-GCST90086000/GCST90085850","no","yes","Genome-wide genotyping array",36987996,"36,778 European ancestry individuals",NA,"http://ftp.ebi.ac.uk/pub/databases/gwas/summary_statistics/GCST90085001-GCST90086000/GCST90085850/GCST90085850_buildGRCh38.tsv.gz"
"Fürtjes AE","GCST90085851",2023-03-29,"Hum Brain Mapp","General dimensions of human brain morphometry inferred from genome-wide association data.","Left precuneus volume (UKB data field 26812)","precuneus cortex volume measurement","-","36778 European",NA,0,"http://ftp.ebi.ac.uk/pub/databases/gwas/summary_statistics/GCST90085001-GCST90086000/GCST90085851","no","yes","Genome-wide genotyping array",36987996,"36,778 European ancestry individuals",NA,"http://ftp.ebi.ac.uk/pub/databases/gwas/summary_statistics/GCST90085001-GCST90086000/GCST90085851/GCST90085851_buildGRCh38.tsv.gz"
"Fürtjes AE","GCST90085852",2023-03-29,"Hum Brain Mapp","General dimensions of human brain morphometry inferred from genome-wide association data.","Left putamen volume (UKB data field 26560)","putamen volume","-","36778 European",NA,0,"http://ftp.ebi.ac.uk/pub/databases/gwas/summary_statistics/GCST90085001-GCST90086000/GCST90085852","no","yes","Genome-wide genotyping array",36987996,"36,778 European ancestry individuals",NA,"http://ftp.ebi.ac.uk/pub/databases/gwas/summary_statistics/GCST90085001-GCST90086000/GCST90085852/GCST90085852_buildGRCh38.tsv.gz"
"Fürtjes AE","GCST90085853",2023-03-29,"Hum Brain Mapp","General dimensions of human brain morphometry inferred from genome-wide association data.","Left rostral anterior cingulate volume (UKB data field 26813)","rostral anterior cingulate cortex volume measurement","-","36778 European",NA,0,"http://ftp.ebi.ac.uk/pub/databases/gwas/summary_statistics/GCST90085001-GCST90086000/GCST90085853","no","yes","Genome-wide genotyping array",36987996,"36,778 European ancestry individuals",NA,"http://ftp.ebi.ac.uk/pub/databases/gwas/summary_statistics/GCST90085001-GCST90086000/GCST90085853/GCST90085853_buildGRCh38.tsv.gz"
"Fürtjes AE","GCST90085854",2023-03-29,"Hum Brain Mapp","General dimensions of human brain morphometry inferred from genome-wide association data.","Left rostral middle frontal volume (UKB data field 26814)","rostral middle frontal gyrus volume measurement","-","36778 European",NA,0,"http://ftp.ebi.ac.uk/pub/databases/gwas/summary_statistics/GCST90085001-GCST90086000/GCST90085854","no","yes","Genome-wide genotyping array",36987996,"36,778 European ancestry individuals",NA,"http://ftp.ebi.ac.uk/pub/databases/gwas/summary_statistics/GCST90085001-GCST90086000/GCST90085854/GCST90085854_buildGRCh38.tsv.gz"
"Fürtjes AE","GCST90085855",2023-03-29,"Hum Brain Mapp","General dimensions of human brain morphometry inferred from genome-wide association data.","Left superior frontal volume (UKB data field 26815)","superior frontal gyrus volume measurement","-","36778 European",NA,0,"http://ftp.ebi.ac.uk/pub/databases/gwas/summary_statistics/GCST90085001-GCST90086000/GCST90085855","no","yes","Genome-wide genotyping array",36987996,"36,778 European ancestry individuals",NA,"http://ftp.ebi.ac.uk/pub/databases/gwas/summary_statistics/GCST90085001-GCST90086000/GCST90085855/GCST90085855_buildGRCh38.tsv.gz"
"Fürtjes AE","GCST90085856",2023-03-29,"Hum Brain Mapp","General dimensions of human brain morphometry inferred from genome-wide association data.","Left superior parietal volume (UKB data field 26816)","superior parietal cortex volume measurement","-","36778 European",NA,0,"http://ftp.ebi.ac.uk/pub/databases/gwas/summary_statistics/GCST90085001-GCST90086000/GCST90085856","no","yes","Genome-wide genotyping array",36987996,"36,778 European ancestry individuals",NA,"http://ftp.ebi.ac.uk/pub/databases/gwas/summary_statistics/GCST90085001-GCST90086000/GCST90085856/GCST90085856_buildGRCh38.tsv.gz"
"Fürtjes AE","GCST90085857",2023-03-29,"Hum Brain Mapp","General dimensions of human brain morphometry inferred from genome-wide association data.","Left superior temporal volume (UKB data field 26817)","superior temporal gyrus volume measurement","-","36778 European",NA,0,"http://ftp.ebi.ac.uk/pub/databases/gwas/summary_statistics/GCST90085001-GCST90086000/GCST90085857","no","yes","Genome-wide genotyping array",36987996,"36,778 European ancestry individuals",NA,"http://ftp.ebi.ac.uk/pub/databases/gwas/summary_statistics/GCST90085001-GCST90086000/GCST90085857/GCST90085857_buildGRCh38.tsv.gz"
"Fürtjes AE","GCST90085858",2023-03-29,"Hum Brain Mapp","General dimensions of human brain morphometry inferred from genome-wide association data.","Left supramarginal volume (UKB data field 26818)","supramarginal gyrus volume measurement","-","36778 European",NA,0,"http://ftp.ebi.ac.uk/pub/databases/gwas/summary_statistics/GCST90085001-GCST90086000/GCST90085858","no","yes","Genome-wide genotyping array",36987996,"36,778 European ancestry individuals",NA,"http://ftp.ebi.ac.uk/pub/databases/gwas/summary_statistics/GCST90085001-GCST90086000/GCST90085858/GCST90085858_buildGRCh38.tsv.gz"
"Fürtjes AE","GCST90085859",2023-03-29,"Hum Brain Mapp","General dimensions of human brain morphometry inferred from genome-wide association data.","Left thalamus proper volume (UKB data field 26558)","thalamus volume","-","36778 European",NA,0,"http://ftp.ebi.ac.uk/pub/databases/gwas/summary_statistics/GCST90085001-GCST90086000/GCST90085859","no","yes","Genome-wide genotyping array",36987996,"36,778 European ancestry individuals",NA,"http://ftp.ebi.ac.uk/pub/databases/gwas/summary_statistics/GCST90085001-GCST90086000/GCST90085859/GCST90085859_buildGRCh38.tsv.gz"
"Fürtjes AE","GCST90085860",2023-03-29,"Hum Brain Mapp","General dimensions of human brain morphometry inferred from genome-wide association data.","Left transverse temporal volume (UKB data field 26820)","transverse temporal cortex volume measurement","-","36778 European",NA,0,"http://ftp.ebi.ac.uk/pub/databases/gwas/summary_statistics/GCST90085001-GCST90086000/GCST90085860","no","yes","Genome-wide genotyping array",36987996,"36,778 European ancestry individuals",NA,"http://ftp.ebi.ac.uk/pub/databases/gwas/summary_statistics/GCST90085001-GCST90086000/GCST90085860/GCST90085860_buildGRCh38.tsv.gz"
"Fürtjes AE","GCST90085861",2023-03-29,"Hum Brain Mapp","General dimensions of human brain morphometry inferred from genome-wide association data.","Right accumbens area volume (UKB data field 26595)","nucleus accumbens volume","-","36778 European",NA,0,"http://ftp.ebi.ac.uk/pub/databases/gwas/summary_statistics/GCST90085001-GCST90086000/GCST90085861","no","yes","Genome-wide genotyping array",36987996,"36,778 European ancestry individuals",NA,"http://ftp.ebi.ac.uk/pub/databases/gwas/summary_statistics/GCST90085001-GCST90086000/GCST90085861/GCST90085861_buildGRCh38.tsv.gz"
"Fürtjes AE","GCST90085862",2023-03-29,"Hum Brain Mapp","General dimensions of human brain morphometry inferred from genome-wide association data.","Right amygdala volume (UKB data field 26594)","amygdala volume","-","36778 European",NA,0,"http://ftp.ebi.ac.uk/pub/databases/gwas/summary_statistics/GCST90085001-GCST90086000/GCST90085862","no","yes","Genome-wide genotyping array",36987996,"36,778 European ancestry individuals",NA,"http://ftp.ebi.ac.uk/pub/databases/gwas/summary_statistics/GCST90085001-GCST90086000/GCST90085862/GCST90085862_buildGRCh38.tsv.gz"
"Fürtjes AE","GCST90085863",2023-03-29,"Hum Brain Mapp","General dimensions of human brain morphometry inferred from genome-wide association data.","Right banks of superior temporal sulcus volume (UKB data field 26890)","banks of the superior temporal sulcus volume measurement","-","36778 European",NA,0,"http://ftp.ebi.ac.uk/pub/databases/gwas/summary_statistics/GCST90085001-GCST90086000/GCST90085863","no","yes","Genome-wide genotyping array",36987996,"36,778 European ancestry individuals",NA,"http://ftp.ebi.ac.uk/pub/databases/gwas/summary_statistics/GCST90085001-GCST90086000/GCST90085863/GCST90085863_buildGRCh38.tsv.gz"
"Fürtjes AE","GCST90085864",2023-03-29,"Hum Brain Mapp","General dimensions of human brain morphometry inferred from genome-wide association data.","Right caudal anterior cingulate volume (UKB data field 26891)","caudal anterior cingulate cortex volume measurement","-","36778 European",NA,0,"http://ftp.ebi.ac.uk/pub/databases/gwas/summary_statistics/GCST90085001-GCST90086000/GCST90085864","no","yes","Genome-wide genotyping array",36987996,"36,778 European ancestry individuals",NA,"http://ftp.ebi.ac.uk/pub/databases/gwas/summary_statistics/GCST90085001-GCST90086000/GCST90085864/GCST90085864_buildGRCh38.tsv.gz"
"Fürtjes AE","GCST90085865",2023-03-29,"Hum Brain Mapp","General dimensions of human brain morphometry inferred from genome-wide association data.","Right caudal middle frontal volume (UKB data field 26892)","caudal middle frontal gyrus volume measurement","-","36778 European",NA,0,"http://ftp.ebi.ac.uk/pub/databases/gwas/summary_statistics/GCST90085001-GCST90086000/GCST90085865","no","yes","Genome-wide genotyping array",36987996,"36,778 European ancestry individuals",NA,"http://ftp.ebi.ac.uk/pub/databases/gwas/summary_statistics/GCST90085001-GCST90086000/GCST90085865/GCST90085865_buildGRCh38.tsv.gz"
"Fürtjes AE","GCST90085866",2023-03-29,"Hum Brain Mapp","General dimensions of human brain morphometry inferred from genome-wide association data.","Right caudate volume (UKB data field 26590)","caudate nucleus volume","-","36778 European",NA,0,"http://ftp.ebi.ac.uk/pub/databases/gwas/summary_statistics/GCST90085001-GCST90086000/GCST90085866","no","yes","Genome-wide genotyping array",36987996,"36,778 European ancestry individuals",NA,"http://ftp.ebi.ac.uk/pub/databases/gwas/summary_statistics/GCST90085001-GCST90086000/GCST90085866/GCST90085866_buildGRCh38.tsv.gz"
"Fürtjes AE","GCST90085868",2023-03-29,"Hum Brain Mapp","General dimensions of human brain morphometry inferred from genome-wide association data.","Right ventral diencephalon (DC) volume (UKB data field 26596)","ventral diencephalon volume measurement","-","36778 European",NA,0,"http://ftp.ebi.ac.uk/pub/databases/gwas/summary_statistics/GCST90085001-GCST90086000/GCST90085868","no","yes","Genome-wide genotyping array",36987996,"36,778 European ancestry individuals",NA,"http://ftp.ebi.ac.uk/pub/databases/gwas/summary_statistics/GCST90085001-GCST90086000/GCST90085868/GCST90085868_buildGRCh38.tsv.gz"
"Fürtjes AE","GCST90085869",2023-03-29,"Hum Brain Mapp","General dimensions of human brain morphometry inferred from genome-wide association data.","Right entorhinal volume (UKB data field 26894)","entorhinal cortex volume measurement","-","36778 European",NA,0,"http://ftp.ebi.ac.uk/pub/databases/gwas/summary_statistics/GCST90085001-GCST90086000/GCST90085869","no","yes","Genome-wide genotyping array",36987996,"36,778 European ancestry individuals",NA,"http://ftp.ebi.ac.uk/pub/databases/gwas/summary_statistics/GCST90085001-GCST90086000/GCST90085869/GCST90085869_buildGRCh38.tsv.gz"
"Fürtjes AE","GCST90085870",2023-03-29,"Hum Brain Mapp","General dimensions of human brain morphometry inferred from genome-wide association data.","Right frontal pole volume (UKB data field 26920)","frontal pole volume measurement","-","36778 European",NA,0,"http://ftp.ebi.ac.uk/pub/databases/gwas/summary_statistics/GCST90085001-GCST90086000/GCST90085870","no","yes","Genome-wide genotyping array",36987996,"36,778 European ancestry individuals",NA,"http://ftp.ebi.ac.uk/pub/databases/gwas/summary_statistics/GCST90085001-GCST90086000/GCST90085870/GCST90085870_buildGRCh38.tsv.gz"
"Fürtjes AE","GCST90085871",2023-03-29,"Hum Brain Mapp","General dimensions of human brain morphometry inferred from genome-wide association data.","Right fusiform volume (UKB data field 26895)","fusiform gyrus volume measurement","-","36778 European",NA,0,"http://ftp.ebi.ac.uk/pub/databases/gwas/summary_statistics/GCST90085001-GCST90086000/GCST90085871","no","yes","Genome-wide genotyping array",36987996,"36,778 European ancestry individuals",NA,"http://ftp.ebi.ac.uk/pub/databases/gwas/summary_statistics/GCST90085001-GCST90086000/GCST90085871/GCST90085871_buildGRCh38.tsv.gz"
"Fürtjes AE","GCST90085872",2023-03-29,"Hum Brain Mapp","General dimensions of human brain morphometry inferred from genome-wide association data.","Right hippocampus volume (UKB data field 26593)","hippocampal volume","-","36778 European",NA,0,"http://ftp.ebi.ac.uk/pub/databases/gwas/summary_statistics/GCST90085001-GCST90086000/GCST90085872","no","yes","Genome-wide genotyping array",36987996,"36,778 European ancestry individuals",NA,"http://ftp.ebi.ac.uk/pub/databases/gwas/summary_statistics/GCST90085001-GCST90086000/GCST90085872/GCST90085872_buildGRCh38.tsv.gz"
"Fürtjes AE","GCST90085873",2023-03-29,"Hum Brain Mapp","General dimensions of human brain morphometry inferred from genome-wide association data.","Right inferior parietal volume (UKB data field 26896)","inferior parietal cortex volume measurement","-","36778 European",NA,0,"http://ftp.ebi.ac.uk/pub/databases/gwas/summary_statistics/GCST90085001-GCST90086000/GCST90085873","no","yes","Genome-wide genotyping array",36987996,"36,778 European ancestry individuals",NA,"http://ftp.ebi.ac.uk/pub/databases/gwas/summary_statistics/GCST90085001-GCST90086000/GCST90085873/GCST90085873_buildGRCh38.tsv.gz"
"Fürtjes AE","GCST90085874",2023-03-29,"Hum Brain Mapp","General dimensions of human brain morphometry inferred from genome-wide association data.","Right inferior temporal volume (UKB data field 26897)","inferior temporal gyrus volume measurement","-","36778 European",NA,0,"http://ftp.ebi.ac.uk/pub/databases/gwas/summary_statistics/GCST90085001-GCST90086000/GCST90085874","no","yes","Genome-wide genotyping array",36987996,"36,778 European ancestry individuals",NA,"http://ftp.ebi.ac.uk/pub/databases/gwas/summary_statistics/GCST90085001-GCST90086000/GCST90085874/GCST90085874_buildGRCh38.tsv.gz"
"Fürtjes AE","GCST90085875",2023-03-29,"Hum Brain Mapp","General dimensions of human brain morphometry inferred from genome-wide association data.","Right insula volume (UKB data field 26922)","insular cortex volume measurement","-","36778 European",NA,0,"http://ftp.ebi.ac.uk/pub/databases/gwas/summary_statistics/GCST90085001-GCST90086000/GCST90085875","no","yes","Genome-wide genotyping array",36987996,"36,778 European ancestry individuals",NA,"http://ftp.ebi.ac.uk/pub/databases/gwas/summary_statistics/GCST90085001-GCST90086000/GCST90085875/GCST90085875_buildGRCh38.tsv.gz"
"Fürtjes AE","GCST90085876",2023-03-29,"Hum Brain Mapp","General dimensions of human brain morphometry inferred from genome-wide association data.","Right isthmus cingulate volume (UKB data field 26898)","isthmus cingulate cortex volume measurement","-","36778 European",NA,0,"http://ftp.ebi.ac.uk/pub/databases/gwas/summary_statistics/GCST90085001-GCST90086000/GCST90085876","no","yes","Genome-wide genotyping array",36987996,"36,778 European ancestry individuals",NA,"http://ftp.ebi.ac.uk/pub/databases/gwas/summary_statistics/GCST90085001-GCST90086000/GCST90085876/GCST90085876_buildGRCh38.tsv.gz"
"Fürtjes AE","GCST90085877",2023-03-29,"Hum Brain Mapp","General dimensions of human brain morphometry inferred from genome-wide association data.","Right lateral occipital volume (UKB data field 26899)","lateral occipital cortex volume measurement","-","36778 European",NA,0,"http://ftp.ebi.ac.uk/pub/databases/gwas/summary_statistics/GCST90085001-GCST90086000/GCST90085877","no","yes","Genome-wide genotyping array",36987996,"36,778 European ancestry individuals",NA,"http://ftp.ebi.ac.uk/pub/databases/gwas/summary_statistics/GCST90085001-GCST90086000/GCST90085877/GCST90085877_buildGRCh38.tsv.gz"
"Fürtjes AE","GCST90085878",2023-03-29,"Hum Brain Mapp","General dimensions of human brain morphometry inferred from genome-wide association data.","Right lateral orbitofrontal volume (UKB data field 26900)","lateral orbital frontal cortex volume measurement","-","36778 European",NA,0,"http://ftp.ebi.ac.uk/pub/databases/gwas/summary_statistics/GCST90085001-GCST90086000/GCST90085878","no","yes","Genome-wide genotyping array",36987996,"36,778 European ancestry individuals",NA,"http://ftp.ebi.ac.uk/pub/databases/gwas/summary_statistics/GCST90085001-GCST90086000/GCST90085878/GCST90085878_buildGRCh38.tsv.gz"
"Fürtjes AE","GCST90085879",2023-03-29,"Hum Brain Mapp","General dimensions of human brain morphometry inferred from genome-wide association data.","Right lingual volume (UKB data field 26901)","lingual gyrus volume measurement","-","36778 European",NA,0,"http://ftp.ebi.ac.uk/pub/databases/gwas/summary_statistics/GCST90085001-GCST90086000/GCST90085879","no","yes","Genome-wide genotyping array",36987996,"36,778 European ancestry individuals",NA,"http://ftp.ebi.ac.uk/pub/databases/gwas/summary_statistics/GCST90085001-GCST90086000/GCST90085879/GCST90085879_buildGRCh38.tsv.gz"
"Fürtjes AE","GCST90085880",2023-03-29,"Hum Brain Mapp","General dimensions of human brain morphometry inferred from genome-wide association data.","Right medial orbitofrontal volume (UKB data field 26902)","medial orbital frontal cortex volume measurement","-","36778 European",NA,0,"http://ftp.ebi.ac.uk/pub/databases/gwas/summary_statistics/GCST90085001-GCST90086000/GCST90085880","no","yes","Genome-wide genotyping array",36987996,"36,778 European ancestry individuals",NA,"http://ftp.ebi.ac.uk/pub/databases/gwas/summary_statistics/GCST90085001-GCST90086000/GCST90085880/GCST90085880_buildGRCh38.tsv.gz"
"Fürtjes AE","GCST90085881",2023-03-29,"Hum Brain Mapp","General dimensions of human brain morphometry inferred from genome-wide association data.","Right middle temporal volume (UKB data field 26903)","middle temporal gyrus volume measurement","-","36778 European",NA,0,"http://ftp.ebi.ac.uk/pub/databases/gwas/summary_statistics/GCST90085001-GCST90086000/GCST90085881","no","yes","Genome-wide genotyping array",36987996,"36,778 European ancestry individuals",NA,"http://ftp.ebi.ac.uk/pub/databases/gwas/summary_statistics/GCST90085001-GCST90086000/GCST90085881/GCST90085881_buildGRCh38.tsv.gz"
"Fürtjes AE","GCST90085882",2023-03-29,"Hum Brain Mapp","General dimensions of human brain morphometry inferred from genome-wide association data.","Right pallidum volume (UKB data field 26592)","pallidum volume","-","36778 European",NA,0,"http://ftp.ebi.ac.uk/pub/databases/gwas/summary_statistics/GCST90085001-GCST90086000/GCST90085882","no","yes","Genome-wide genotyping array",36987996,"36,778 European ancestry individuals",NA,"http://ftp.ebi.ac.uk/pub/databases/gwas/summary_statistics/GCST90085001-GCST90086000/GCST90085882/GCST90085882_buildGRCh38.tsv.gz"
"Fürtjes AE","GCST90085883",2023-03-29,"Hum Brain Mapp","General dimensions of human brain morphometry inferred from genome-wide association data.","Right paracentral volume (UKB data field 26905)","paracentral lobule volume measurement","-","36778 European",NA,0,"http://ftp.ebi.ac.uk/pub/databases/gwas/summary_statistics/GCST90085001-GCST90086000/GCST90085883","no","yes","Genome-wide genotyping array",36987996,"36,778 European ancestry individuals",NA,"http://ftp.ebi.ac.uk/pub/databases/gwas/summary_statistics/GCST90085001-GCST90086000/GCST90085883/GCST90085883_buildGRCh38.tsv.gz"
"Fürtjes AE","GCST90085884",2023-03-29,"Hum Brain Mapp","General dimensions of human brain morphometry inferred from genome-wide association data.","Right parahippocampal volume (UKB data field 26904)","parahippocampal gyrus volume measurement","-","36778 European",NA,0,"http://ftp.ebi.ac.uk/pub/databases/gwas/summary_statistics/GCST90085001-GCST90086000/GCST90085884","no","yes","Genome-wide genotyping array",36987996,"36,778 European ancestry individuals",NA,"http://ftp.ebi.ac.uk/pub/databases/gwas/summary_statistics/GCST90085001-GCST90086000/GCST90085884/GCST90085884_buildGRCh38.tsv.gz"
"Fürtjes AE","GCST90085885",2023-03-29,"Hum Brain Mapp","General dimensions of human brain morphometry inferred from genome-wide association data.","Right pars opercularis volume (UKB data field 26906)","pars opercularis volume measurement","-","36778 European",NA,0,"http://ftp.ebi.ac.uk/pub/databases/gwas/summary_statistics/GCST90085001-GCST90086000/GCST90085885","no","yes","Genome-wide genotyping array",36987996,"36,778 European ancestry individuals",NA,"http://ftp.ebi.ac.uk/pub/databases/gwas/summary_statistics/GCST90085001-GCST90086000/GCST90085885/GCST90085885_buildGRCh38.tsv.gz"
"Fürtjes AE","GCST90085886",2023-03-29,"Hum Brain Mapp","General dimensions of human brain morphometry inferred from genome-wide association data.","Right pars orbitalis volume (UKB data field 26907)","pars orbitalis volume measurement","-","36778 European",NA,0,"http://ftp.ebi.ac.uk/pub/databases/gwas/summary_statistics/GCST90085001-GCST90086000/GCST90085886","no","yes","Genome-wide genotyping array",36987996,"36,778 European ancestry individuals",NA,"http://ftp.ebi.ac.uk/pub/databases/gwas/summary_statistics/GCST90085001-GCST90086000/GCST90085886/GCST90085886_buildGRCh38.tsv.gz"
"Fürtjes AE","GCST90085887",2023-03-29,"Hum Brain Mapp","General dimensions of human brain morphometry inferred from genome-wide association data.","Right pars triangularis volume (UKB data field 26908)","pars triangularis volume measurement","-","36778 European",NA,0,"http://ftp.ebi.ac.uk/pub/databases/gwas/summary_statistics/GCST90085001-GCST90086000/GCST90085887","no","yes","Genome-wide genotyping array",36987996,"36,778 European ancestry individuals",NA,"http://ftp.ebi.ac.uk/pub/databases/gwas/summary_statistics/GCST90085001-GCST90086000/GCST90085887/GCST90085887_buildGRCh38.tsv.gz"
"Fürtjes AE","GCST90085888",2023-03-29,"Hum Brain Mapp","General dimensions of human brain morphometry inferred from genome-wide association data.","Right pericalcarine volume (UKB data field 26909)","pericalcarine cortex volume measurement","-","36778 European",NA,0,"http://ftp.ebi.ac.uk/pub/databases/gwas/summary_statistics/GCST90085001-GCST90086000/GCST90085888","no","yes","Genome-wide genotyping array",36987996,"36,778 European ancestry individuals",NA,"http://ftp.ebi.ac.uk/pub/databases/gwas/summary_statistics/GCST90085001-GCST90086000/GCST90085888/GCST90085888_buildGRCh38.tsv.gz"
"Fürtjes AE","GCST90085889",2023-03-29,"Hum Brain Mapp","General dimensions of human brain morphometry inferred from genome-wide association data.","Right postcentral volume (UKB data field 26910)","postcentral gyrus volume measurement","-","36778 European",NA,0,"http://ftp.ebi.ac.uk/pub/databases/gwas/summary_statistics/GCST90085001-GCST90086000/GCST90085889","no","yes","Genome-wide genotyping array",36987996,"36,778 European ancestry individuals",NA,"http://ftp.ebi.ac.uk/pub/databases/gwas/summary_statistics/GCST90085001-GCST90086000/GCST90085889/GCST90085889_buildGRCh38.tsv.gz"
"Fürtjes AE","GCST90085890",2023-03-29,"Hum Brain Mapp","General dimensions of human brain morphometry inferred from genome-wide association data.","Right posterior cingulate volume (UKB data field 26911)","posterior cingulate cortex volume measurement","-","36778 European",NA,0,"http://ftp.ebi.ac.uk/pub/databases/gwas/summary_statistics/GCST90085001-GCST90086000/GCST90085890","no","yes","Genome-wide genotyping array",36987996,"36,778 European ancestry individuals",NA,"http://ftp.ebi.ac.uk/pub/databases/gwas/summary_statistics/GCST90085001-GCST90086000/GCST90085890/GCST90085890_buildGRCh38.tsv.gz"
"Fürtjes AE","GCST90085891",2023-03-29,"Hum Brain Mapp","General dimensions of human brain morphometry inferred from genome-wide association data.","Right precentral volume (UKB data field 26912)","precentral gyrus volume measurement","-","36778 European",NA,0,"http://ftp.ebi.ac.uk/pub/databases/gwas/summary_statistics/GCST90085001-GCST90086000/GCST90085891","no","yes","Genome-wide genotyping array",36987996,"36,778 European ancestry individuals",NA,"http://ftp.ebi.ac.uk/pub/databases/gwas/summary_statistics/GCST90085001-GCST90086000/GCST90085891/GCST90085891_buildGRCh38.tsv.gz"
"Fürtjes AE","GCST90085892",2023-03-29,"Hum Brain Mapp","General dimensions of human brain morphometry inferred from genome-wide association data.","Right precuneus volume (UKB data field 26913)","precuneus cortex volume measurement","-","36778 European",NA,0,"http://ftp.ebi.ac.uk/pub/databases/gwas/summary_statistics/GCST90085001-GCST90086000/GCST90085892","no","yes","Genome-wide genotyping array",36987996,"36,778 European ancestry individuals",NA,"http://ftp.ebi.ac.uk/pub/databases/gwas/summary_statistics/GCST90085001-GCST90086000/GCST90085892/GCST90085892_buildGRCh38.tsv.gz"
"Fürtjes AE","GCST90085893",2023-03-29,"Hum Brain Mapp","General dimensions of human brain morphometry inferred from genome-wide association data.","Right putamen volume (UKB data field 26591)","putamen volume","-","36778 European",NA,0,"http://ftp.ebi.ac.uk/pub/databases/gwas/summary_statistics/GCST90085001-GCST90086000/GCST90085893","no","yes","Genome-wide genotyping array",36987996,"36,778 European ancestry individuals",NA,"http://ftp.ebi.ac.uk/pub/databases/gwas/summary_statistics/GCST90085001-GCST90086000/GCST90085893/GCST90085893_buildGRCh38.tsv.gz"
"Fürtjes AE","GCST90085894",2023-03-29,"Hum Brain Mapp","General dimensions of human brain morphometry inferred from genome-wide association data.","Right rostral anterior cingulate volume (UKB data field 26914)","rostral anterior cingulate cortex volume measurement","-","36778 European",NA,0,"http://ftp.ebi.ac.uk/pub/databases/gwas/summary_statistics/GCST90085001-GCST90086000/GCST90085894","no","yes","Genome-wide genotyping array",36987996,"36,778 European ancestry individuals",NA,"http://ftp.ebi.ac.uk/pub/databases/gwas/summary_statistics/GCST90085001-GCST90086000/GCST90085894/GCST90085894_buildGRCh38.tsv.gz"
"Fürtjes AE","GCST90085895",2023-03-29,"Hum Brain Mapp","General dimensions of human brain morphometry inferred from genome-wide association data.","Right rostral middle frontal volume (UKB data field 26915)","rostral middle frontal gyrus volume measurement","-","36778 European",NA,0,"http://ftp.ebi.ac.uk/pub/databases/gwas/summary_statistics/GCST90085001-GCST90086000/GCST90085895","no","yes","Genome-wide genotyping array",36987996,"36,778 European ancestry individuals",NA,"http://ftp.ebi.ac.uk/pub/databases/gwas/summary_statistics/GCST90085001-GCST90086000/GCST90085895/GCST90085895_buildGRCh38.tsv.gz"
"Fürtjes AE","GCST90085896",2023-03-29,"Hum Brain Mapp","General dimensions of human brain morphometry inferred from genome-wide association data.","Right superior frontal volume (UKB data field 26916)","superior frontal gyrus volume measurement","-","36778 European",NA,0,"http://ftp.ebi.ac.uk/pub/databases/gwas/summary_statistics/GCST90085001-GCST90086000/GCST90085896","no","yes","Genome-wide genotyping array",36987996,"36,778 European ancestry individuals",NA,"http://ftp.ebi.ac.uk/pub/databases/gwas/summary_statistics/GCST90085001-GCST90086000/GCST90085896/GCST90085896_buildGRCh38.tsv.gz"
"Fürtjes AE","GCST90085897",2023-03-29,"Hum Brain Mapp","General dimensions of human brain morphometry inferred from genome-wide association data.","Right superior parietal volume (UKB data field 26917)","superior parietal cortex volume measurement","-","36778 European",NA,0,"http://ftp.ebi.ac.uk/pub/databases/gwas/summary_statistics/GCST90085001-GCST90086000/GCST90085897","no","yes","Genome-wide genotyping array",36987996,"36,778 European ancestry individuals",NA,"http://ftp.ebi.ac.uk/pub/databases/gwas/summary_statistics/GCST90085001-GCST90086000/GCST90085897/GCST90085897_buildGRCh38.tsv.gz"
"Fürtjes AE","GCST90085898",2023-03-29,"Hum Brain Mapp","General dimensions of human brain morphometry inferred from genome-wide association data.","Right superior temporal volume (UKB data field 26918)","superior temporal gyrus volume measurement","-","36778 European",NA,0,"http://ftp.ebi.ac.uk/pub/databases/gwas/summary_statistics/GCST90085001-GCST90086000/GCST90085898","no","yes","Genome-wide genotyping array",36987996,"36,778 European ancestry individuals",NA,"http://ftp.ebi.ac.uk/pub/databases/gwas/summary_statistics/GCST90085001-GCST90086000/GCST90085898/GCST90085898_buildGRCh38.tsv.gz"
"Fürtjes AE","GCST90085899",2023-03-29,"Hum Brain Mapp","General dimensions of human brain morphometry inferred from genome-wide association data.","Right supramarginal volume (UKB data field 26919)","supramarginal gyrus volume measurement","-","36778 European",NA,0,"http://ftp.ebi.ac.uk/pub/databases/gwas/summary_statistics/GCST90085001-GCST90086000/GCST90085899","no","yes","Genome-wide genotyping array",36987996,"36,778 European ancestry individuals",NA,"http://ftp.ebi.ac.uk/pub/databases/gwas/summary_statistics/GCST90085001-GCST90086000/GCST90085899/GCST90085899_buildGRCh38.tsv.gz"
"Fürtjes AE","GCST90085900",2023-03-29,"Hum Brain Mapp","General dimensions of human brain morphometry inferred from genome-wide association data.","Right thalamus proper volume (UKB data field 26589)","thalamus volume","-","36778 European",NA,0,"http://ftp.ebi.ac.uk/pub/databases/gwas/summary_statistics/GCST90085001-GCST90086000/GCST90085900","no","yes","Genome-wide genotyping array",36987996,"36,778 European ancestry individuals",NA,"http://ftp.ebi.ac.uk/pub/databases/gwas/summary_statistics/GCST90085001-GCST90086000/GCST90085900/GCST90085900_buildGRCh38.tsv.gz"
"Fürtjes AE","GCST90085901",2023-03-29,"Hum Brain Mapp","General dimensions of human brain morphometry inferred from genome-wide association data.","Right transverse temporal volume (UKB data field 26921)","transverse temporal cortex volume measurement","-","36778 European",NA,0,"http://ftp.ebi.ac.uk/pub/databases/gwas/summary_statistics/GCST90085001-GCST90086000/GCST90085901","no","yes","Genome-wide genotyping array",36987996,"36,778 European ancestry individuals",NA,"http://ftp.ebi.ac.uk/pub/databases/gwas/summary_statistics/GCST90085001-GCST90086000/GCST90085901/GCST90085901_buildGRCh38.tsv.gz"
